pathway	pval	padj	ES	NES	nMoreExtreme	size	celltype
ATP binding 	0.026083932297704615	0.1565035937862277	0.45100275506597526	1.6670642909993767	224	17	bundle_sheath
metal ion binding 	0.030179794520547944	0.2351068162464364	0.4870610935070949	1.5734846273516585	281	17	mesophyll
